"Obs","MeanDiff","Mean1","Mean2","statistic","p.value","df","conf.low","conf.high","method","alternative"
"VolGenotype",1,-2.70141969650354,488.273329530769,490.974749227273,-0.370582847597582,0.715277525412985,17.9823536233226,-18.0174858815029,12.6146464884958,"Welch Two Sample t-test","two.sided"
"VolSex",1,-5.22527995384615,487.116560246154,492.3418402,-0.745430344231231,0.464047915528541,21.5965869651284,-19.7783709808474,9.32781107315507,"Welch Two Sample t-test","two.sided"
"T1wGenotype",1,2638.19010743357,19213.3895156154,16575.1994081818,0.826994001968338,0.418641365551022,18.7497625454461,-4044.79362635262,9321.17384121975,"Welch Two Sample t-test","two.sided"
"T1wSex",1,-7026.41279886014,14783.7798502308,21810.1926490909,-2.35284780080159,0.0358996505340719,12.3997445307817,-13509.9085764116,-542.917021308721,"Welch Two Sample t-test","two.sided"
"QSMGenotype",1,8.27356643356644e-05,-0.00113966615384615,-0.00122240181818182,0.227679962740732,0.823358236337038,13.2983821122573,-0.000700524805990079,0.000865996134661408,"Welch Two Sample t-test","two.sided"
"QSMSex",1,-0.000107018741258741,-0.00122663692307692,-0.00111961818181818,-0.299673313755955,0.768373759931,15.6340996355116,-0.000865517687356217,0.000651480204838734,"Welch Two Sample t-test","two.sided"
